learning_rate,depth,l2_leaf_reg,bagging_temperature,random_strength,border_count,auc,best_iter
0.0425378509573798,10,5.395030966670228,1.7959754525911098,0.46805592132730955,66,0.9417143303448474,451
0.0224831270535195,10,3.9913058785616786,2.1242177333881367,0.06175348288740734,249,0.9414535195210749,739
0.10702082748695269,5,1.5199348301309807,0.5502135295603015,0.9127267288786132,149,0.9424242910053564,501
0.047753845433560704,6,4.091220574443785,0.4184815819561255,0.8764339456056545,114,0.9422078758456072,543
0.050132478040090245,9,1.5837031559118748,1.5427033152408347,1.7772437065861273,42,0.9418473803132636,443
0.0680250643581967,5,1.1615865989246452,2.84665661176,2.896896099223678,213,0.9425389661017182,621
0.03694755509074355,4,4.833180632488465,1.320457481218804,0.3661147045343365,142,0.9425695223766479,1496
0.02143492944833733,10,1.8145961353490248,1.987566853061946,0.9351332282682329,148,0.9418574515518614,633
0.06017761665213941,5,9.32362135178148,2.3253984700833437,2.8184968246925672,232,0.9425627808128517,782
0.06671586274048924,10,1.2260057359187524,0.5879485872574356,0.1356818667316142,104,0.941201026033124,178
0.03179159732793063,4,5.595048026466626,2.4014286358267447,0.7494790807679954,106,0.9423648501440804,1498
0.036964026972877324,4,4.144475923309757,1.8638455252619919,0.11912362208696908,169,0.9425091086474258,1469
0.06337571591734244,4,9.19667774525221,2.38835616655765,1.8200288697221467,241,0.9423177003046036,725
0.03492440509299239,5,7.355805088034359,0.7095619379296874,1.8051091884435873,120,0.9424439950068579,1035
0.08005739154026975,6,6.538172065164727,2.3599757372583907,1.5888484465433335,190,0.9423914190306673,523
0.05277068600665081,5,7.648939211318209,1.8733609485402813,2.648911621790406,88,0.9424684263244365,990
0.043610307178702,4,3.9350218940118324,1.0340198131258098,2.198374869801181,171,0.9426160830144107,1366
0.03304030784896571,4,3.5432544033064204,0.6738758868127857,0.5313610959310071,200,0.9423892403545624,1496
0.06235744782099739,4,4.852419321806517,0.7648470575998285,1.7983767314036054,169,0.9425409666470722,886
0.040058709339526266,5,3.9863052577729494,1.4944905545643676,1.958165807483785,212,0.94258471829992,1263
0.035245174784009244,5,3.875886081694887,0.43871344117473554,1.8479496460615574,156,0.9423861847270695,874
0.03594213788456103,4,5.057875791577213,1.827138534172743,2.408893785386959,195,0.9425420491339419,1489
0.04294064287777502,5,5.674620352175497,1.1285764427600427,2.373552803092311,133,0.9424432276743934,939
0.03504385617116644,4,2.686994554706319,1.3764130594124528,2.4840815989771734,214,0.9425106433123551,1496
0.029746515738313727,4,3.476892755496684,1.2136515998298951,2.045370598256957,122,0.9423034635469122,1494
0.05109659883554342,5,3.1220403776813113,0.9319445495484513,2.338817539516231,223,0.9426318818417623,1123
0.05120050129236006,5,3.382879231683667,1.7162044984620088,2.090377639847382,220,0.9424485304898184,836
0.03643468994045857,6,5.140223315289256,1.4874450369967132,2.03633726900234,223,0.9425380480432338,924
0.0359831429814317,4,2.891791313746275,1.1220105863628778,1.7954134478061567,178,0.9423155353308641,1214
0.05379750544221265,6,3.714180596847004,0.4602933828242858,2.2020666787336367,242,0.942535650129282,758
0.040553997233257595,6,3.9495668726417144,0.5979174039427898,2.9398142728889196,201,0.9425974752021442,931
0.060960926896528336,5,3.8032306103889075,0.81007569428818,2.5875955613003283,169,0.9425902403531922,805
0.04304867132714463,5,2.998747815633837,1.0470518167824743,2.685717108403337,196,0.9426734000090436,1118
0.041486760130836915,5,3.251923053487193,1.0969721033008946,2.4062834397561796,184,0.9424985167189411,1041
0.03723001552496163,6,2.580425665431132,1.1485959265246701,2.7921466887060533,242,0.9425175356021711,927
0.057864322195110576,5,4.2145050473916665,1.3076392060964386,2.4237619473880287,244,0.9423883359984434,710
0.05063352378327868,5,2.2887790411005193,0.4150291902106201,2.727469309955447,198,0.9426487768583491,1070
0.05877817645932344,6,2.8289299760559414,0.28358390867153127,2.3796418136885125,217,0.9423590814482303,544
0.050823419799510515,4,2.4056961633086837,1.2357702376380846,2.3779458654710828,221,0.9426532301271169,1221
0.052401774941824616,4,3.0582898427490486,1.0189724267657085,2.442446341697054,199,0.9426245921833485,1036
